INSERT INTO users (username, password, role) VALUES
('guest1', 'guest1', 'guest'),
('guest2', 'guest2', 'guest'),
('guest3', 'guest3', 'guest'),
('guest4', 'guest4', 'guest'),
('guest5', 'guest5', 'guest'),
('restaurant1', 'restaurant1', 'restaurant'),
('restaurant2', 'restaurant2', 'restaurant'),
('restaurant3', 'restaurant3', 'restaurant'),
('restaurant4', 'restaurant4', 'restaurant'),
('restaurant5', 'restaurant5', 'restaurant'),
('restaurant6', 'restaurant6', 'restaurant'),
('restaurant7', 'restaurant7', 'restaurant'),
('restaurant8', 'restaurant8', 'restaurant'),
('restaurant9', 'restaurant9', 'restaurant'),
('restaurant10', 'restaurant10', 'restaurant'),
('restaurant11', 'restaurant11', 'restaurant'),
('restaurant12', 'restaurant12', 'restaurant'),
('restaurant13', 'restaurant13', 'restaurant'),
('restaurant14', 'restaurant14', 'restaurant'),
('restaurant15', 'restaurant15', 'restaurant'),
('restaurant16', 'restaurant16', 'restaurant'),
('restaurant17', 'restaurant17', 'restaurant'),
('restaurant18', 'restaurant18', 'restaurant'),
('restaurant19', 'restaurant19', 'restaurant'),
('restaurant20', 'restaurant20', 'restaurant'),
('restaurant21', 'restaurant21', 'restaurant'),
('restaurant22', 'restaurant22', 'restaurant'),
('restaurant23', 'restaurant23', 'restaurant'),
('restaurant24', 'restaurant24', 'restaurant'),
('restaurant25', 'restaurant25', 'restaurant'),
('restaurant26', 'restaurant26', 'restaurant'),
('restaurant27', 'restaurant27', 'restaurant'),
('restaurant28', 'restaurant28', 'restaurant'),
('restaurant29', 'restaurant29', 'restaurant'),
('restaurant30', 'restaurant30', 'restaurant');
INSERT INTO guests (user_id) VALUES
(1),
(2),
(3),
(4),
(5);
INSERT INTO restaurants (user_id, name, city, category, address, rating, price_level, phone_number, opening_hours, capacity) VALUES
(6, 'restaurant1', 'Dresden', 'bar', 'address-str.1', '1', '3', '0340/274', '10:00-22:00', '6'),
(7, 'restaurant2', 'Dresden', 'restaurant', 'address-str.2', '4', '3', '0790/6699', '11:00-23:00', '33'),
(8, 'restaurant3', 'Hamburg', 'bar', 'address-str.3', '3', '3', '0640/6103', '08:00-20:00', '38'),
(9, 'restaurant4', 'Wuppertal', 'restaurant', 'address-str.4', '3', '2', '017/7543', '10:00-22:00', '10'),
(10, 'restaurant5', 'Duisburg', 'cafe', 'address-str.5', '1', '3', '0765/2085', '11:00-23:00', '11'),
(11, 'restaurant6', 'Leipzig', 'cafe', 'address-str.6', '5', '2', '0518/5598', '08:00-20:00', '23'),
(12, 'restaurant7', 'Duisburg', 'bar', 'address-str.7', '5', '2', '0493/9788', '10:00-22:00', '5'),
(13, 'restaurant8', 'Nürnberg', 'restaurant', 'address-str.8', '2', '2', '0459/3210', '11:00-23:00', '33'),
(14, 'restaurant9', 'Bochum', 'cafe', 'address-str.9', '2', '2', '0624/3180', '08:00-20:00', '11'),
(15, 'restaurant10', 'Bremen', 'restaurant', 'address-str.10', '4', '1', '0412/711', '10:00-22:00', '1'),
(16, 'restaurant11', 'Bielefeld', 'cafe', 'address-str.11', '2', '3', '075/1080', '11:00-23:00', '17'),
(17, 'restaurant12', 'Leipzig', 'restaurant', 'address-str.12', '1', '3', '0175/4248', '08:00-20:00', '20'),
(18, 'restaurant13', 'Hamburg', 'restaurant', 'address-str.13', '5', '2', '0482/8068', '10:00-22:00', '28'),
(19, 'restaurant14', 'Bochum', 'bar', 'address-str.14', '3', '3', '0266/1192', '11:00-23:00', '29'),
(20, 'restaurant15', 'Bonn', 'bar', 'address-str.15', '2', '3', '0300/4424', '08:00-20:00', '11'),
(21, 'restaurant16', 'Dresden', 'restaurant', 'address-str.16', '2', '3', '0942/8961', '10:00-22:00', '15'),
(22, 'restaurant17', 'Essen', 'cafe', 'address-str.17', '5', '1', '0244/9158', '11:00-23:00', '14'),
(23, 'restaurant18', 'Dresden', 'bar', 'address-str.18', '2', '1', '0919/3893', '08:00-20:00', '38'),
(24, 'restaurant19', 'Nürnberg', 'restaurant', 'address-str.19', '4', '2', '0719/4385', '10:00-22:00', '36'),
(25, 'restaurant20', 'Bielefeld', 'restaurant', 'address-str.20', '4', '3', '037/57', '11:00-23:00', '25'),
(26, 'restaurant21', 'Hamburg', 'cafe', 'address-str.21', '4', '3', '0330/1260', '08:00-20:00', '11'),
(27, 'restaurant22', 'Berlin', 'cafe', 'address-str.22', '5', '1', '0474/2745', '10:00-22:00', '36'),
(28, 'restaurant23', 'Hannover', 'cafe', 'address-str.23', '3', '3', '0123/1619', '11:00-23:00', '20'),
(29, 'restaurant24', 'Bochum', 'restaurant', 'address-str.24', '2', '1', '0101/266', '08:00-20:00', '37'),
(30, 'restaurant25', 'Dresden', 'bar', 'address-str.25', '3', '3', '0470/9120', '10:00-22:00', '23'),
(31, 'restaurant26', 'Stuttgart', 'restaurant', 'address-str.26', '4', '2', '0371/7206', '11:00-23:00', '12'),
(32, 'restaurant27', 'Duisburg', 'bar', 'address-str.27', '4', '1', '0791/8607', '08:00-20:00', '16'),
(33, 'restaurant28', 'Bremen', 'restaurant', 'address-str.28', '4', '3', '0917/9043', '10:00-22:00', '5'),
(34, 'restaurant29', 'Wuppertal', 'bar', 'address-str.29', '2', '2', '012/3873', '11:00-23:00', '8'),
(35, 'restaurant30', 'Köln', 'cafe', 'address-str.30', '3', '2', '0528/3999', '08:00-20:00', '26');
INSERT INTO reservations (guest_id, restaurant_id, datetime, party_size) VALUES
(1, 1, '05.06.23 16:00', 4),
(1, 9, '04.06.23 12:00', 4),
(2, 15, '08.06.23 04:00', 8),
(2, 10, '08.06.23 13:00', 2),
(3, 4, '05.06.23 19:00', 4),
(3, 10, '07.06.23 03:30', 7),
(4, 18, '09.06.23 20:00', 4),
(5, 30, '09.06.23 15:00', 9);
