INSERT INTO users (username, password, role) VALUES
('guest1', 'guest1', 'guest'),
('guest2', 'guest2', 'guest'),
('guest3', 'guest3', 'guest'),
('guest4', 'guest4', 'guest'),
('guest5', 'guest5', 'guest'),
('restaurant1', 'restaurant1', 'restaurant'),
('restaurant2', 'restaurant2', 'restaurant'),
('restaurant3', 'restaurant3', 'restaurant'),
('restaurant4', 'restaurant4', 'restaurant'),
('restaurant5', 'restaurant5', 'restaurant'),
('restaurant6', 'restaurant6', 'restaurant'),
('restaurant7', 'restaurant7', 'restaurant'),
('restaurant8', 'restaurant8', 'restaurant'),
('restaurant9', 'restaurant9', 'restaurant'),
('restaurant10', 'restaurant10', 'restaurant'),
('restaurant11', 'restaurant11', 'restaurant'),
('restaurant12', 'restaurant12', 'restaurant'),
('restaurant13', 'restaurant13', 'restaurant'),
('restaurant14', 'restaurant14', 'restaurant'),
('restaurant15', 'restaurant15', 'restaurant'),
('restaurant16', 'restaurant16', 'restaurant'),
('restaurant17', 'restaurant17', 'restaurant'),
('restaurant18', 'restaurant18', 'restaurant'),
('restaurant19', 'restaurant19', 'restaurant'),
('restaurant20', 'restaurant20', 'restaurant'),
('restaurant21', 'restaurant21', 'restaurant'),
('restaurant22', 'restaurant22', 'restaurant'),
('restaurant23', 'restaurant23', 'restaurant'),
('restaurant24', 'restaurant24', 'restaurant'),
('restaurant25', 'restaurant25', 'restaurant'),
('restaurant26', 'restaurant26', 'restaurant'),
('restaurant27', 'restaurant27', 'restaurant'),
('restaurant28', 'restaurant28', 'restaurant'),
('restaurant29', 'restaurant29', 'restaurant'),
('restaurant30', 'restaurant30', 'restaurant');
INSERT INTO guests (user_id) VALUES
(1),
(2),
(3),
(4),
(5);
INSERT INTO restaurants (user_id, name, location, category, address, rating, price_level, phone_number, opening_hours) VALUES
(6, 'restaurant1', 'Essen', 'cafe', 'address-str.1', '2', '3', '0851/2629', '10:00-22:00'),
(7, 'restaurant2', 'Dortmund', 'cafe', 'address-str.2', '2', '2', '0415/5541', '11:00-23:00'),
(8, 'restaurant3', 'Wuppertal', 'bar', 'address-str.3', '4', '2', '0446/564', '08:00-20:00'),
(9, 'restaurant4', 'Nürnberg', 'bar', 'address-str.4', '3', '2', '0945/7418', '10:00-22:00'),
(10, 'restaurant5', 'Köln', 'restaurant', 'address-str.5', '4', '3', '0211/30', '11:00-23:00'),
(11, 'restaurant6', 'Düsseldorf', 'bar', 'address-str.6', '1', '3', '0598/4125', '08:00-20:00'),
(12, 'restaurant7', 'Frankfurt', 'restaurant', 'address-str.7', '2', '3', '0453/3495', '10:00-22:00'),
(13, 'restaurant8', 'Bremen', 'cafe', 'address-str.8', '3', '3', '096/4991', '11:00-23:00'),
(14, 'restaurant9', 'Hamburg', 'bar', 'address-str.9', '4', '1', '0118/7685', '08:00-20:00'),
(15, 'restaurant10', 'Bielefeld', 'cafe', 'address-str.10', '3', '1', '0119/4176', '10:00-22:00'),
(16, 'restaurant11', 'München', 'restaurant', 'address-str.11', '3', '1', '0873/260', '11:00-23:00'),
(17, 'restaurant12', 'Berlin', 'restaurant', 'address-str.12', '5', '1', '0804/8581', '08:00-20:00'),
(18, 'restaurant13', 'Köln', 'bar', 'address-str.13', '5', '1', '0369/1160', '10:00-22:00'),
(19, 'restaurant14', 'Berlin', 'restaurant', 'address-str.14', '5', '2', '0996/7397', '11:00-23:00'),
(20, 'restaurant15', 'Köln', 'cafe', 'address-str.15', '1', '3', '0922/5925', '08:00-20:00'),
(21, 'restaurant16', 'Dortmund', 'restaurant', 'address-str.16', '5', '2', '0373/3773', '10:00-22:00'),
(22, 'restaurant17', 'Bremen', 'cafe', 'address-str.17', '5', '1', '0887/3022', '11:00-23:00'),
(23, 'restaurant18', 'Hamburg', 'cafe', 'address-str.18', '5', '1', '0223/7092', '08:00-20:00'),
(24, 'restaurant19', 'Münster', 'restaurant', 'address-str.19', '5', '1', '0215/6472', '10:00-22:00'),
(25, 'restaurant20', 'Frankfurt', 'bar', 'address-str.20', '1', '3', '0971/7156', '11:00-23:00'),
(26, 'restaurant21', 'Frankfurt', 'restaurant', 'address-str.21', '4', '2', '0274/2238', '08:00-20:00'),
(27, 'restaurant22', 'Frankfurt', 'restaurant', 'address-str.22', '5', '1', '0544/9386', '10:00-22:00'),
(28, 'restaurant23', 'Leipzig', 'bar', 'address-str.23', '2', '3', '0512/7569', '11:00-23:00'),
(29, 'restaurant24', 'Wuppertal', 'cafe', 'address-str.24', '2', '1', '044/446', '08:00-20:00'),
(30, 'restaurant25', 'Dresden', 'restaurant', 'address-str.25', '3', '1', '0686/4574', '10:00-22:00'),
(31, 'restaurant26', 'Dortmund', 'bar', 'address-str.26', '5', '1', '0887/4786', '11:00-23:00'),
(32, 'restaurant27', 'Münster', 'cafe', 'address-str.27', '3', '2', '0956/7044', '08:00-20:00'),
(33, 'restaurant28', 'Düsseldorf', 'bar', 'address-str.28', '5', '1', '0103/7139', '10:00-22:00'),
(34, 'restaurant29', 'Frankfurt', 'cafe', 'address-str.29', '1', '3', '0951/7367', '11:00-23:00'),
(35, 'restaurant30', 'Berlin', 'restaurant', 'address-str.30', '1', '3', '0549/4271', '08:00-20:00');
INSERT INTO reservations (guest_id, restaurant_id, datetime, party_size) VALUES
(1, 30, '2023-05-28 14:30:00', 6),
(1, 29, '2023-05-26 02:30:00', 1),
(2, 27, '2023-05-31 01:30:00', 8),
(2, 28, '2023-05-27 18:00:00', 1),
(2, 8, '2023-05-26 04:00:00', 5),
(2, 15, '2023-05-30 08:00:00', 5),
(2, 21, '2023-05-30 08:30:00', 3),
(3, 29, '2023-05-26 08:30:00', 10),
(4, 26, '2023-05-27 03:30:00', 1),
(5, 29, '2023-05-26 11:30:00', 6),
(5, 6, '2023-05-31 06:30:00', 7),
(5, 3, '2023-05-26 08:30:00', 5),
(5, 22, '2023-05-28 12:30:00', 2);
