INSERT INTO users (username, password, role) VALUES
('guest1', 'guest1', 'guest'),
('guest2', 'guest2', 'guest'),
('guest3', 'guest3', 'guest'),
('guest4', 'guest4', 'guest'),
('guest5', 'guest5', 'guest'),
('restaurant1', 'restaurant1', 'restaurant'),
('restaurant2', 'restaurant2', 'restaurant'),
('restaurant3', 'restaurant3', 'restaurant'),
('restaurant4', 'restaurant4', 'restaurant'),
('restaurant5', 'restaurant5', 'restaurant'),
('restaurant6', 'restaurant6', 'restaurant'),
('restaurant7', 'restaurant7', 'restaurant'),
('restaurant8', 'restaurant8', 'restaurant'),
('restaurant9', 'restaurant9', 'restaurant'),
('restaurant10', 'restaurant10', 'restaurant'),
('restaurant11', 'restaurant11', 'restaurant'),
('restaurant12', 'restaurant12', 'restaurant'),
('restaurant13', 'restaurant13', 'restaurant'),
('restaurant14', 'restaurant14', 'restaurant'),
('restaurant15', 'restaurant15', 'restaurant'),
('restaurant16', 'restaurant16', 'restaurant'),
('restaurant17', 'restaurant17', 'restaurant'),
('restaurant18', 'restaurant18', 'restaurant'),
('restaurant19', 'restaurant19', 'restaurant'),
('restaurant20', 'restaurant20', 'restaurant'),
('restaurant21', 'restaurant21', 'restaurant'),
('restaurant22', 'restaurant22', 'restaurant'),
('restaurant23', 'restaurant23', 'restaurant'),
('restaurant24', 'restaurant24', 'restaurant'),
('restaurant25', 'restaurant25', 'restaurant'),
('restaurant26', 'restaurant26', 'restaurant'),
('restaurant27', 'restaurant27', 'restaurant'),
('restaurant28', 'restaurant28', 'restaurant'),
('restaurant29', 'restaurant29', 'restaurant'),
('restaurant30', 'restaurant30', 'restaurant');
INSERT INTO guests (user_id) VALUES
(1),
(2),
(3),
(4),
(5);
INSERT INTO restaurants (user_id, name, location, category, address, rating, price_level, phone_number, opening_hours) VALUES
(6, 'restaurant1', 'Duisburg', 'restaurant', 'address-str.1', '1', '2', '046/393', '10:00-22:00'),
(7, 'restaurant2', 'Münster', 'restaurant', 'address-str.2', '4', '1', '0321/7001', '11:00-23:00'),
(8, 'restaurant3', 'Dresden', 'restaurant', 'address-str.3', '1', '1', '0443/2907', '08:00-20:00'),
(9, 'restaurant4', 'Essen', 'bar', 'address-str.4', '4', '3', '0977/8570', '10:00-22:00'),
(10, 'restaurant5', 'Duisburg', 'bar', 'address-str.5', '3', '2', '0797/9964', '11:00-23:00'),
(11, 'restaurant6', 'Bochum', 'cafe', 'address-str.6', '4', '3', '0231/3250', '08:00-20:00'),
(12, 'restaurant7', 'Wuppertal', 'bar', 'address-str.7', '2', '3', '0152/6489', '10:00-22:00'),
(13, 'restaurant8', 'Duisburg', 'restaurant', 'address-str.8', '5', '1', '033/7328', '11:00-23:00'),
(14, 'restaurant9', 'Frankfurt', 'restaurant', 'address-str.9', '3', '1', '0126/7032', '08:00-20:00'),
(15, 'restaurant10', 'Münster', 'restaurant', 'address-str.10', '2', '1', '0373/6734', '10:00-22:00'),
(16, 'restaurant11', 'Bielefeld', 'bar', 'address-str.11', '2', '3', '0933/3453', '11:00-23:00'),
(17, 'restaurant12', 'Berlin', 'cafe', 'address-str.12', '1', '1', '0236/1673', '08:00-20:00'),
(18, 'restaurant13', 'Nürnberg', 'cafe', 'address-str.13', '3', '2', '0879/6857', '10:00-22:00'),
(19, 'restaurant14', 'Dresden', 'restaurant', 'address-str.14', '3', '1', '0504/1193', '11:00-23:00'),
(20, 'restaurant15', 'Bonn', 'restaurant', 'address-str.15', '3', '2', '0459/9921', '08:00-20:00'),
(21, 'restaurant16', 'Dortmund', 'cafe', 'address-str.16', '1', '1', '0404/3066', '10:00-22:00'),
(22, 'restaurant17', 'Leipzig', 'restaurant', 'address-str.17', '5', '2', '0764/5868', '11:00-23:00'),
(23, 'restaurant18', 'Hamburg', 'restaurant', 'address-str.18', '2', '3', '0710/8732', '08:00-20:00'),
(24, 'restaurant19', 'Köln', 'restaurant', 'address-str.19', '4', '2', '0853/7399', '10:00-22:00'),
(25, 'restaurant20', 'Dortmund', 'restaurant', 'address-str.20', '3', '1', '0546/8663', '11:00-23:00'),
(26, 'restaurant21', 'Frankfurt', 'bar', 'address-str.21', '2', '2', '0703/8927', '08:00-20:00'),
(27, 'restaurant22', 'Münster', 'bar', 'address-str.22', '5', '1', '0876/2040', '10:00-22:00'),
(28, 'restaurant23', 'Wuppertal', 'bar', 'address-str.23', '4', '3', '0790/4949', '11:00-23:00'),
(29, 'restaurant24', 'Dortmund', 'cafe', 'address-str.24', '3', '2', '0707/783', '08:00-20:00'),
(30, 'restaurant25', 'Hamburg', 'restaurant', 'address-str.25', '1', '1', '0352/6500', '10:00-22:00'),
(31, 'restaurant26', 'Frankfurt', 'bar', 'address-str.26', '3', '3', '0227/7419', '11:00-23:00'),
(32, 'restaurant27', 'Düsseldorf', 'cafe', 'address-str.27', '5', '1', '089/5922', '08:00-20:00'),
(33, 'restaurant28', 'Köln', 'restaurant', 'address-str.28', '5', '3', '0137/169', '10:00-22:00'),
(34, 'restaurant29', 'Essen', 'restaurant', 'address-str.29', '5', '3', '0444/2133', '11:00-23:00'),
(35, 'restaurant30', 'Köln', 'restaurant', 'address-str.30', '5', '2', '0675/2111', '08:00-20:00');
INSERT INTO reservations (guest_id, restaurant_id, datetime, party_size) VALUES
(1, 12, '28.05.23 09:00', 1),
(2, 29, '30.05.23 04:30', 3),
(3, 10, '28.05.23 20:30', 8),
(3, 30, '27.05.23 05:30', 2),
(3, 4, '30.05.23 07:00', 5),
(4, 23, '30.05.23 03:00', 7),
(4, 5, '26.05.23 11:00', 5),
(5, 14, '29.05.23 05:00', 6);
