INSERT INTO users (username, password, role) VALUES
('guest1', 'guest1', 'guest'),
('guest2', 'guest2', 'guest'),
('guest3', 'guest3', 'guest'),
('guest4', 'guest4', 'guest'),
('guest5', 'guest5', 'guest'),
('restaurant1', 'restaurant1', 'restaurant'),
('restaurant2', 'restaurant2', 'restaurant'),
('restaurant3', 'restaurant3', 'restaurant'),
('restaurant4', 'restaurant4', 'restaurant'),
('restaurant5', 'restaurant5', 'restaurant'),
('restaurant6', 'restaurant6', 'restaurant'),
('restaurant7', 'restaurant7', 'restaurant'),
('restaurant8', 'restaurant8', 'restaurant'),
('restaurant9', 'restaurant9', 'restaurant'),
('restaurant10', 'restaurant10', 'restaurant'),
('restaurant11', 'restaurant11', 'restaurant'),
('restaurant12', 'restaurant12', 'restaurant'),
('restaurant13', 'restaurant13', 'restaurant'),
('restaurant14', 'restaurant14', 'restaurant'),
('restaurant15', 'restaurant15', 'restaurant'),
('restaurant16', 'restaurant16', 'restaurant'),
('restaurant17', 'restaurant17', 'restaurant'),
('restaurant18', 'restaurant18', 'restaurant'),
('restaurant19', 'restaurant19', 'restaurant'),
('restaurant20', 'restaurant20', 'restaurant'),
('restaurant21', 'restaurant21', 'restaurant'),
('restaurant22', 'restaurant22', 'restaurant'),
('restaurant23', 'restaurant23', 'restaurant'),
('restaurant24', 'restaurant24', 'restaurant'),
('restaurant25', 'restaurant25', 'restaurant'),
('restaurant26', 'restaurant26', 'restaurant'),
('restaurant27', 'restaurant27', 'restaurant'),
('restaurant28', 'restaurant28', 'restaurant'),
('restaurant29', 'restaurant29', 'restaurant'),
('restaurant30', 'restaurant30', 'restaurant'),
('restaurant31', 'restaurant31', 'restaurant'),
('restaurant32', 'restaurant32', 'restaurant'),
('restaurant33', 'restaurant33', 'restaurant'),
('restaurant34', 'restaurant34', 'restaurant'),
('restaurant35', 'restaurant35', 'restaurant'),
('restaurant36', 'restaurant36', 'restaurant'),
('restaurant37', 'restaurant37', 'restaurant'),
('restaurant38', 'restaurant38', 'restaurant'),
('restaurant39', 'restaurant39', 'restaurant'),
('restaurant40', 'restaurant40', 'restaurant'),
('restaurant41', 'restaurant41', 'restaurant'),
('restaurant42', 'restaurant42', 'restaurant'),
('restaurant43', 'restaurant43', 'restaurant'),
('restaurant44', 'restaurant44', 'restaurant'),
('restaurant45', 'restaurant45', 'restaurant'),
('restaurant46', 'restaurant46', 'restaurant'),
('restaurant47', 'restaurant47', 'restaurant'),
('restaurant48', 'restaurant48', 'restaurant'),
('restaurant49', 'restaurant49', 'restaurant'),
('restaurant50', 'restaurant50', 'restaurant'),
('restaurant51', 'restaurant51', 'restaurant'),
('restaurant52', 'restaurant52', 'restaurant'),
('restaurant53', 'restaurant53', 'restaurant'),
('restaurant54', 'restaurant54', 'restaurant'),
('restaurant55', 'restaurant55', 'restaurant'),
('restaurant56', 'restaurant56', 'restaurant'),
('restaurant57', 'restaurant57', 'restaurant'),
('restaurant58', 'restaurant58', 'restaurant'),
('restaurant59', 'restaurant59', 'restaurant'),
('restaurant60', 'restaurant60', 'restaurant'),
('restaurant61', 'restaurant61', 'restaurant'),
('restaurant62', 'restaurant62', 'restaurant'),
('restaurant63', 'restaurant63', 'restaurant'),
('restaurant64', 'restaurant64', 'restaurant'),
('restaurant65', 'restaurant65', 'restaurant'),
('restaurant66', 'restaurant66', 'restaurant'),
('restaurant67', 'restaurant67', 'restaurant'),
('restaurant68', 'restaurant68', 'restaurant'),
('restaurant69', 'restaurant69', 'restaurant'),
('restaurant70', 'restaurant70', 'restaurant'),
('restaurant71', 'restaurant71', 'restaurant'),
('restaurant72', 'restaurant72', 'restaurant'),
('restaurant73', 'restaurant73', 'restaurant'),
('restaurant74', 'restaurant74', 'restaurant'),
('restaurant75', 'restaurant75', 'restaurant'),
('restaurant76', 'restaurant76', 'restaurant'),
('restaurant77', 'restaurant77', 'restaurant'),
('restaurant78', 'restaurant78', 'restaurant'),
('restaurant79', 'restaurant79', 'restaurant'),
('restaurant80', 'restaurant80', 'restaurant'),
('restaurant81', 'restaurant81', 'restaurant'),
('restaurant82', 'restaurant82', 'restaurant'),
('restaurant83', 'restaurant83', 'restaurant'),
('restaurant84', 'restaurant84', 'restaurant'),
('restaurant85', 'restaurant85', 'restaurant'),
('restaurant86', 'restaurant86', 'restaurant'),
('restaurant87', 'restaurant87', 'restaurant'),
('restaurant88', 'restaurant88', 'restaurant'),
('restaurant89', 'restaurant89', 'restaurant'),
('restaurant90', 'restaurant90', 'restaurant'),
('restaurant91', 'restaurant91', 'restaurant'),
('restaurant92', 'restaurant92', 'restaurant'),
('restaurant93', 'restaurant93', 'restaurant'),
('restaurant94', 'restaurant94', 'restaurant'),
('restaurant95', 'restaurant95', 'restaurant'),
('restaurant96', 'restaurant96', 'restaurant'),
('restaurant97', 'restaurant97', 'restaurant'),
('restaurant98', 'restaurant98', 'restaurant'),
('restaurant99', 'restaurant99', 'restaurant'),
('restaurant100', 'restaurant100', 'restaurant');
INSERT INTO guests (user_id) VALUES
(1),
(2),
(3),
(4),
(5);
INSERT INTO restaurants (user_id, name, address, phone_number, opening_hours) VALUES
(6, 'restaurant1', 'address1', 'phone-1', '10:00-22:00'),
(7, 'restaurant2', 'address2', 'phone-2', '11:00-23:00'),
(8, 'restaurant3', 'address3', 'phone-3', '08:00-20:00'),
(9, 'restaurant4', 'address4', 'phone-4', '10:00-22:00'),
(10, 'restaurant5', 'address5', 'phone-5', '11:00-23:00'),
(11, 'restaurant6', 'address6', 'phone-6', '08:00-20:00'),
(12, 'restaurant7', 'address7', 'phone-7', '10:00-22:00'),
(13, 'restaurant8', 'address8', 'phone-8', '11:00-23:00'),
(14, 'restaurant9', 'address9', 'phone-9', '08:00-20:00'),
(15, 'restaurant10', 'address10', 'phone-10', '10:00-22:00'),
(16, 'restaurant11', 'address11', 'phone-11', '11:00-23:00'),
(17, 'restaurant12', 'address12', 'phone-12', '08:00-20:00'),
(18, 'restaurant13', 'address13', 'phone-13', '10:00-22:00'),
(19, 'restaurant14', 'address14', 'phone-14', '11:00-23:00'),
(20, 'restaurant15', 'address15', 'phone-15', '08:00-20:00'),
(21, 'restaurant16', 'address16', 'phone-16', '10:00-22:00'),
(22, 'restaurant17', 'address17', 'phone-17', '11:00-23:00'),
(23, 'restaurant18', 'address18', 'phone-18', '08:00-20:00'),
(24, 'restaurant19', 'address19', 'phone-19', '10:00-22:00'),
(25, 'restaurant20', 'address20', 'phone-20', '11:00-23:00'),
(26, 'restaurant21', 'address21', 'phone-21', '08:00-20:00'),
(27, 'restaurant22', 'address22', 'phone-22', '10:00-22:00'),
(28, 'restaurant23', 'address23', 'phone-23', '11:00-23:00'),
(29, 'restaurant24', 'address24', 'phone-24', '08:00-20:00'),
(30, 'restaurant25', 'address25', 'phone-25', '10:00-22:00'),
(31, 'restaurant26', 'address26', 'phone-26', '11:00-23:00'),
(32, 'restaurant27', 'address27', 'phone-27', '08:00-20:00'),
(33, 'restaurant28', 'address28', 'phone-28', '10:00-22:00'),
(34, 'restaurant29', 'address29', 'phone-29', '11:00-23:00'),
(35, 'restaurant30', 'address30', 'phone-30', '08:00-20:00'),
(36, 'restaurant31', 'address31', 'phone-31', '10:00-22:00'),
(37, 'restaurant32', 'address32', 'phone-32', '11:00-23:00'),
(38, 'restaurant33', 'address33', 'phone-33', '08:00-20:00'),
(39, 'restaurant34', 'address34', 'phone-34', '10:00-22:00'),
(40, 'restaurant35', 'address35', 'phone-35', '11:00-23:00'),
(41, 'restaurant36', 'address36', 'phone-36', '08:00-20:00'),
(42, 'restaurant37', 'address37', 'phone-37', '10:00-22:00'),
(43, 'restaurant38', 'address38', 'phone-38', '11:00-23:00'),
(44, 'restaurant39', 'address39', 'phone-39', '08:00-20:00'),
(45, 'restaurant40', 'address40', 'phone-40', '10:00-22:00'),
(46, 'restaurant41', 'address41', 'phone-41', '11:00-23:00'),
(47, 'restaurant42', 'address42', 'phone-42', '08:00-20:00'),
(48, 'restaurant43', 'address43', 'phone-43', '10:00-22:00'),
(49, 'restaurant44', 'address44', 'phone-44', '11:00-23:00'),
(50, 'restaurant45', 'address45', 'phone-45', '08:00-20:00'),
(51, 'restaurant46', 'address46', 'phone-46', '10:00-22:00'),
(52, 'restaurant47', 'address47', 'phone-47', '11:00-23:00'),
(53, 'restaurant48', 'address48', 'phone-48', '08:00-20:00'),
(54, 'restaurant49', 'address49', 'phone-49', '10:00-22:00'),
(55, 'restaurant50', 'address50', 'phone-50', '11:00-23:00'),
(56, 'restaurant51', 'address51', 'phone-51', '08:00-20:00'),
(57, 'restaurant52', 'address52', 'phone-52', '10:00-22:00'),
(58, 'restaurant53', 'address53', 'phone-53', '11:00-23:00'),
(59, 'restaurant54', 'address54', 'phone-54', '08:00-20:00'),
(60, 'restaurant55', 'address55', 'phone-55', '10:00-22:00'),
(61, 'restaurant56', 'address56', 'phone-56', '11:00-23:00'),
(62, 'restaurant57', 'address57', 'phone-57', '08:00-20:00'),
(63, 'restaurant58', 'address58', 'phone-58', '10:00-22:00'),
(64, 'restaurant59', 'address59', 'phone-59', '11:00-23:00'),
(65, 'restaurant60', 'address60', 'phone-60', '08:00-20:00'),
(66, 'restaurant61', 'address61', 'phone-61', '10:00-22:00'),
(67, 'restaurant62', 'address62', 'phone-62', '11:00-23:00'),
(68, 'restaurant63', 'address63', 'phone-63', '08:00-20:00'),
(69, 'restaurant64', 'address64', 'phone-64', '10:00-22:00'),
(70, 'restaurant65', 'address65', 'phone-65', '11:00-23:00'),
(71, 'restaurant66', 'address66', 'phone-66', '08:00-20:00'),
(72, 'restaurant67', 'address67', 'phone-67', '10:00-22:00'),
(73, 'restaurant68', 'address68', 'phone-68', '11:00-23:00'),
(74, 'restaurant69', 'address69', 'phone-69', '08:00-20:00'),
(75, 'restaurant70', 'address70', 'phone-70', '10:00-22:00'),
(76, 'restaurant71', 'address71', 'phone-71', '11:00-23:00'),
(77, 'restaurant72', 'address72', 'phone-72', '08:00-20:00'),
(78, 'restaurant73', 'address73', 'phone-73', '10:00-22:00'),
(79, 'restaurant74', 'address74', 'phone-74', '11:00-23:00'),
(80, 'restaurant75', 'address75', 'phone-75', '08:00-20:00'),
(81, 'restaurant76', 'address76', 'phone-76', '10:00-22:00'),
(82, 'restaurant77', 'address77', 'phone-77', '11:00-23:00'),
(83, 'restaurant78', 'address78', 'phone-78', '08:00-20:00'),
(84, 'restaurant79', 'address79', 'phone-79', '10:00-22:00'),
(85, 'restaurant80', 'address80', 'phone-80', '11:00-23:00'),
(86, 'restaurant81', 'address81', 'phone-81', '08:00-20:00'),
(87, 'restaurant82', 'address82', 'phone-82', '10:00-22:00'),
(88, 'restaurant83', 'address83', 'phone-83', '11:00-23:00'),
(89, 'restaurant84', 'address84', 'phone-84', '08:00-20:00'),
(90, 'restaurant85', 'address85', 'phone-85', '10:00-22:00'),
(91, 'restaurant86', 'address86', 'phone-86', '11:00-23:00'),
(92, 'restaurant87', 'address87', 'phone-87', '08:00-20:00'),
(93, 'restaurant88', 'address88', 'phone-88', '10:00-22:00'),
(94, 'restaurant89', 'address89', 'phone-89', '11:00-23:00'),
(95, 'restaurant90', 'address90', 'phone-90', '08:00-20:00'),
(96, 'restaurant91', 'address91', 'phone-91', '10:00-22:00'),
(97, 'restaurant92', 'address92', 'phone-92', '11:00-23:00'),
(98, 'restaurant93', 'address93', 'phone-93', '08:00-20:00'),
(99, 'restaurant94', 'address94', 'phone-94', '10:00-22:00'),
(100, 'restaurant95', 'address95', 'phone-95', '11:00-23:00'),
(101, 'restaurant96', 'address96', 'phone-96', '08:00-20:00'),
(102, 'restaurant97', 'address97', 'phone-97', '10:00-22:00'),
(103, 'restaurant98', 'address98', 'phone-98', '11:00-23:00'),
(104, 'restaurant99', 'address99', 'phone-99', '08:00-20:00'),
(105, 'restaurant100', 'address100', 'phone-100', '10:00-22:00');
